x, y, heading, value
57.30265,0,0,0
172.66193,0,0,0
197.25145,-58.245068,-89.74884,0
197.60344,-138.5434,-89.74884,0
